{
    "1": {
        "c": [
            29.070847631382005,
            47.11752756022656,
            70.57127991898103
        ],
        "x": [
            29.145587438033598,
            48.02219719740665,
            70.9907877363887
        ],
        "y": [
            28.127678442841578,
            47.04505872982787,
            70.89559481288607
        ],
        "z": [
            28.747048553110197,
            47.53743364042201,
            69.723439697757
        ]
    },
    "10": {
        "c": [
            66.20956434713368,
            8.083501226574144,
            63.96390147885529
        ],
        "x": [
            67.0981921823759,
            8.527477340295883,
            64.07890487392379
        ],
        "y": [
            66.60604746082845,
            7.213790553202525,
            64.25784787733362
        ],
        "z": [
            66.44008920693764,
            7.8678891789793335,
            63.01502333391552
        ]
    },
    "11": {
        "c": [
            69.12073420779681,
            14.361391896102488,
            65.62009996419711
        ],
        "x": [
            69.43859478852316,
            15.302475236255924,
            65.5046582121922
        ],
        "y": [
            70.0687203146208,
            14.043771074214462,
            65.64106075549564
        ],
        "z": [
            69.10379335513231,
            14.24529210975977,
            64.62700689347203
        ]
    },
    "12": {
        "c": [
            71.20382469555614,
            21.367434485240118,
            64.74411465418034
        ],
        "x": [
            71.58486355788637,
            22.281144947547524,
            64.60289646673952
        ],
        "y": [
            72.12532363441555,
            21.004529826469263,
            64.88246173338113
        ],
        "z": [
            71.27898513112612,
            21.184586461700373,
            63.76385065442693
        ]
    },
    "13": {
        "c": [
            74.37393265303162,
            26.935938001856215,
            63.912071266837835
        ],
        "x": [
            74.89790126504471,
            27.787472246004643,
            63.93068106714958
        ],
        "y": [
            75.19223044025608,
            26.426598797742447,
            64.17845877888803
        ],
        "z": [
            74.61024944263536,
            26.81158766532544,
            62.94838492328198
        ]
    },
    "14": {
        "c": [
            75.86104762142146,
            35.89223424924466,
            64.78320862356242
        ],
        "x": [
            76.26103251501631,
            36.80735095401502,
            64.73247893258996
        ],
        "y": [
            76.76119955579719,
            35.51041008541197,
            64.99281969901669
        ],
        "z": [
            76.03349639623751,
            35.76272855607364,
            63.80674065404128
        ]
    },
    "15": {
        "c": [
            77.20701349125935,
            44.976614278547984,
            65.34004730712711
        ],
        "x": [
            77.2759476111349,
            45.969671348032485,
            65.43536647552381
        ],
        "y": [
            78.14086068300081,
            44.87876849502637,
            65.68407583083355
        ],
        "z": [
            77.55798002754675,
            45.041912512780584,
            64.4059388385794
        ]
    },
    "2": {
        "c": [
            30.755755421698062,
            40.148376466383326,
            66.16134816042356
        ],
        "x": [
            30.597340707607398,
            41.109942834536476,
            66.3856134007002
        ],
        "y": [
            29.770633253841247,
            39.979127128158915,
            66.19116385943742
        ],
        "z": [
            30.689128904779786,
            40.36458188062488,
            65.18727622976547
        ]
    },
    "3": {
        "c": [
            32.613709688598355,
            31.519365126861622,
            65.8433916434419
        ],
        "x": [
            32.28716150515255,
            32.46260610485746,
            65.7828710575417
        ],
        "y": [
            31.672201007290155,
            31.2003915811217,
            65.95209895754448
        ],
        "z": [
            32.53047696120379,
            31.426886293891243,
            64.85116184216454
        ]
    },
    "4": {
        "c": [
            35.961999190719865,
            23.448290636985515,
            64.57785092767509
        ],
        "x": [
            35.4666644595588,
            24.31272199480459,
            64.49181644781578
        ],
        "y": [
            35.098803932011265,
            22.969649650680424,
            64.73846459948383
        ],
        "z": [
            35.864339324610036,
            23.294468551939325,
            63.594590373852526
        ]
    },
    "5": {
        "c": [
            38.662225338379756,
            17.62029386728453,
            65.04330661036138
        ],
        "x": [
            38.297895751100604,
            18.54058826724631,
            64.90075076435012
        ],
        "y": [
            37.74039403529291,
            17.285646333151984,
            65.23885219724129
        ],
        "z": [
            38.52997179218079,
            17.417638383031104,
            64.07302842642659
        ]
    },
    "6": {
        "c": [
            41.06243449970047,
            11.236757735621069,
            65.41675138699952
        ],
        "x": [
            40.48158189164369,
            12.047554148883695,
            65.34450580613742
        ],
        "y": [
            40.249534759295244,
            10.663616889469619,
            65.52020950665144
        ],
        "z": [
            41.01995792070981,
            11.117935403068381,
            64.4247448378659
        ]
    },
    "7": {
        "c": [
            45.67476240449273,
            5.971921612834875,
            62.90716302100241
        ],
        "x": [
            44.723418245693985,
            6.2799952313440945,
            62.901252259787405
        ],
        "y": [
            45.38117957725459,
            5.071483787728007,
            63.228131627983956
        ],
        "z": [
            45.58120271728523,
            5.6648347054365775,
            61.96009163180612
        ]
    },
    "8": {
        "c": [
            52.38093825996384,
            3.6426404867404996,
            63.02742883749473
        ],
        "x": [
            51.386536289569534,
            3.7290740931277546,
            62.966650938857
        ],
        "y": [
            52.28011015930583,
            2.694422241150681,
            63.32861956253165
        ],
        "z": [
            52.41253597180541,
            3.337007716217671,
            62.075803809351335
        ]
    },
    "9": {
        "c": [
            60.02131381194236,
            4.4265883648132185,
            63.295923457363
        ],
        "x": [
            60.9716069536166,
            4.737759804511685,
            63.30666030992287
        ],
        "y": [
            60.309857866490695,
            3.5334888567256524,
            63.64105473273305
        ],
        "z": [
            60.138297885523855,
            4.101710535822487,
            62.357430451124515
        ]
    }
}