{
    "18": {
        "c": [
            77.84670009950743,
            40.32307222443841,
            57.26603709631977
        ],
        "x": [
            78.07358972154192,
            41.29682837743839,
            57.28392714684314
        ],
        "y": [
            78.68453091465499,
            40.118554294896136,
            57.77221092188262
        ],
        "z": [
            77.35015138628563,
            40.4229289767911,
            58.128283003475815
        ]
    },
    "19": {
        "c": [
            75.79403131750499,
            29.77517641079794,
            56.60030144875782
        ],
        "x": [
            76.21669037750797,
            30.674324809327846,
            56.7138420864982
        ],
        "y": [
            76.62006931806131,
            29.34143685535667,
            56.960205907861216
        ],
        "z": [
            75.42117673374037,
            29.833504409792514,
            57.52635614687181
        ]
    },
    "20": {
        "c": [
            72.82188516417685,
            21.880868170344876,
            55.58735061974551
        ],
        "x": [
            73.1277303329455,
            22.829058279222693,
            55.673340445696866
        ],
        "y": [
            73.66844220247827,
            21.568704640573248,
            56.018506173557405
        ],
        "z": [
            72.38622484507125,
            21.93993972108458,
            56.48552133751024
        ]
    },
    "21": {
        "c": [
            69.66425379200513,
            15.349995972254078,
            55.560943856678286
        ],
        "x": [
            69.79143745294336,
            16.33351269661319,
            55.4324169361664
        ],
        "y": [
            70.63647883554053,
            15.252051125925824,
            55.773512132298904
        ],
        "z": [
            69.46777788734265,
            15.501988274636979,
            56.52960043096218
        ]
    },
    "22": {
        "c": [
            66.61499075605145,
            9.426107915763556,
            57.30452496629699
        ],
        "x": [
            67.18938057944641,
            10.244648407829718,
            57.29629127767028
        ],
        "y": [
            67.43331939232768,
            8.851674663773267,
            57.28542831585363
        ],
        "z": [
            66.63535184223589,
            9.42187685727338,
            58.30430870506925
        ]
    },
    "23": {
        "c": [
            62.03110265631327,
            6.36159001034799,
            57.53269419561047
        ],
        "x": [
            62.91636865915466,
            6.820197077522859,
            57.45534006094077
        ],
        "y": [
            62.4826399120665,
            5.474231052862538,
            57.439376527202086
        ],
        "z": [
            62.142539682835334,
            6.313907324731544,
            58.52532108957029
        ]
    },
    "24": {
        "c": [
            57.16178428927298,
            5.0459991228733125,
            56.385077154263165
        ],
        "x": [
            58.14865948731884,
            5.191930594356961,
            56.31592985415273
        ],
        "y": [
            57.303427344703586,
            4.058110084088247,
            56.32173292092972
        ],
        "z": [
            57.23933806629401,
            4.993280504919724,
            57.380670524565936
        ]
    },
    "25": {
        "c": [
            52.627742820470715,
            4.939388212354149,
            56.22837164121979
        ],
        "x": [
            51.64346180457971,
            5.1138690756286955,
            56.255708614489215
        ],
        "y": [
            52.45175727571396,
            3.9574061650779635,
            56.15952146428509
        ],
        "z": [
            52.642574199139986,
            4.8668093781237705,
            57.225624038072525
        ]
    },
    "26": {
        "c": [
            47.68868709110786,
            6.498329242782722,
            57.28400980376844
        ],
        "x": [
            46.73536741576929,
            6.779206507874971,
            57.17315152231566
        ],
        "y": [
            47.41089947431291,
            5.538636881918622,
            57.24129432115999
        ],
        "z": [
            47.570299437326945,
            6.488402790577255,
            58.27692763973417
        ]
    },
    "27": {
        "c": [
            43.37863142543649,
            9.472453572498376,
            57.07455212100911
        ],
        "x": [
            42.94529455953822,
            10.37329272818109,
            57.04794429805577
        ],
        "y": [
            42.477790911557605,
            9.038623625823169,
            57.057880410772405
        ],
        "z": [
            43.352069625650074,
            9.489198510737728,
            58.0740590383616
        ]
    },
    "28": {
        "c": [
            39.249209853311484,
            15.001974825125204,
            56.12486937340122
        ],
        "x": [
            38.76024623216034,
            15.869793850050556,
            56.21321368373512
        ],
        "y": [
            38.38340464355553,
            14.50680987327384,
            56.196931910252786
        ],
        "z": [
            39.355492099948485,
            14.960721819954097,
            57.1183492542313
        ]
    },
    "29": {
        "c": [
            36.700189323470624,
            21.515406861681384,
            57.56184424113395
        ],
        "x": [
            36.63842133488811,
            22.50680045271835,
            57.44641693397787
        ],
        "y": [
            35.745455339258285,
            21.49043383722944,
            57.85825504970838
        ],
        "z": [
            36.991166530441376,
            21.64391793396917,
            58.509903927716465
        ]
    },
    "30": {
        "c": [
            33.99226402215877,
            29.598518300098984,
            58.60138159068697
        ],
        "x": [
            33.56978141567193,
            30.487139772771314,
            58.77987619991017
        ],
        "y": [
            33.12786225923713,
            29.144256538325838,
            58.8169177687377
        ],
        "z": [
            34.26487737376512,
            29.53528753150953,
            59.56142525137618
        ]
    },
    "31": {
        "c": [
            29.97083792669462,
            39.0473998680055,
            58.91473685872525
        ],
        "x": [
            29.932435749267498,
            40.0051672814824,
            59.19970502264996
        ],
        "y": [
            28.996602297754826,
            38.94808961626278,
            59.11722738493099
        ],
        "z": [
            30.193077014330296,
            38.77754980671116,
            59.851641727079716
        ]
    }
}